Workbook

Sheet Portada
B2: Proyecto Final
B3: Domina Excel con IA
B5: Tema del proyecto | C5: Análisis de ventas mensuales con proyección del próximo trimestre
B6: Pregunta clave | C6: ¿En qué mes del próximo trimestre se proyectan mayores ventas y qué categoría lidera el acumulado?
B7: Fuente de datos | C7: Datos sintéticos creados con fines académicos
B8: Herramientas usadas | C8: Excel (gráficos, tablas y pronóstico) + IA complementaria para estructurar el análisis
B10: Nombre del estudiante | C10: SAMUEL STEVEN ARDILA
B12: Fecha | C12: 46091.96
B15: Resumen del proyecto
B16: Este libro presenta un caso simple y realista de análisis de ventas. Se organiza una base de datos de 54 registros, se construyen resúmenes automáticos con fórmulas, se generan visualizaciones y se proyectan los siguientes 3 meses para responder la pregunta clave del proyecto.
B23: Resultado principal: la categoría líder es Tecnología y, según la proyección lineal, el mes con mayores ventas del próximo trimestre sería September 2025.

Sheet Datos
A1: Base de datos de ventas
A2: Fecha | B2: Año | C2: Mes | D2: Categoría | E2: Ventas
A3: 45292 | B3: 2024 | C3: January | D3: Tecnología | E3: 40300
A4: 45292 | B4: 2024 | C4: January | D4: Hogar | E4: 25400
A5: 45292 | B5: 2024 | C5: January | D5: Oficina | E5: 18700
A6: 45323 | B6: 2024 | C6: February | D6: Tecnología | E6: 42400
A7: 45323 | B7: 2024 | C7: February | D7: Hogar | E7: 26400
A8: 45323 | B8: 2024 | C8: February | D8: Oficina | E8: 19400
A9: 45352 | B9: 2024 | C9: March | D9: Tecnología | E9: 45500
A10: 45352 | B10: 2024 | C10: March | D10: Hogar | E10: 28300
A11: 45352 | B11: 2024 | C11: March | D11: Oficina | E11: 20400
A12: 45383 | B12: 2024 | C12: April | D12: Tecnología | E12: 48200
A13: 45383 | B13: 2024 | C13: April | D13: Hogar | E13: 29700
A14: 45383 | B14: 2024 | C14: April | D14: Oficina | E14: 19700
... A56: 45809 | B56: 2025 | C56: June | D56: Oficina | E56: 25100

Sheet Analisis
A1: Análisis y visualización
A3: Pregunta clave: ¿En qué mes del próximo trimestre se proyectan mayores ventas y qué categoría lidera el acumulado?
A6: Ventas totales del período | B6: =SUM(Datos!$E$3:$E$56) -> 2094200 | D6: Promedio mensual | E6: =AVERAGE(B13:B30) -> 116344.44 | G6: Categoría líder | H6: =INDEX(F13:F15,MATCH(MAX(G13:G15),G13:G15,0)) -> Tecnología
A8: Mes real con mayor venta | B8: =INDEX(A13:A30,MATCH(MAX(B13:B30),B13:B30,0)) -> 45627 | D8: Mes proyectado con mayor venta | E8: September 2025 | G8: Conclusión rápida | H8: La proyección muestra crecimiento sostenido y Tecnología es la categoría con mayor aporte.
A12: Mes | B12: Ventas mensuales | F12: Categoría | G12: Ventas acumuladas
A13: 45292 | B13: =SUMIFS(Datos!$E$3:$E$56,Datos!$A$3:$A$56,A13) -> 84400 | F13: Tecnología | G13: =SUMIFS(Datos!$E$3:$E$56,Datos!$D$3:$D$56,F13) -> 1055000
A14: 45323 | B14: =SUMIFS(Datos!$E$3:$E$56,Datos!$A$3:$A$56,A14) -> 88200 | F14: Hogar | G14: =SUMIFS(Datos!$E$3:$E$56,Datos!$D$3:$D$56,F14) -> 633700
A15: 45352 | B15: =SUMIFS(Datos!$E$3:$E$56,Datos!$A$3:$A$56,A15) -> 94200 | F15: Oficina | G15: =SUMIFS(Datos!$E$3:$E$56,Datos!$D$3:$D$56,F15) -> 405500
A16: 45383 | B16: =SUMIFS(Datos!$E$3:$E$56,Datos!$A$3:$A$56,A16) -> 97600
A17: 45413 | B17: =SUMIFS(Datos!$E$3:$E$56,Datos!$A$3:$A$56,A17) -> 101400 | F17: Interpretación: las ventas muestran una tendencia ascendente durante el período. El gráfico mensual permite ver el crecimiento y la tabla por categoría confirma que Tecnología es la línea con mayor participación en el total.
A18: 45444 | B18: =SUMIFS(Datos!$E$3:$E$56,Datos!$A$3:$A$56,A18) -> 106500
A19: 45474 | B19: =SUMIFS(Datos!$E$3:$E$56,Datos!$A$3:$A$56,A19) -> 108000
A20: 45505 | B20: =SUMIFS(Datos!$E$3:$E$56,Datos!$A$3:$A$56,A20) -> 113900
A21: 45536 | B21: =SUMIFS(Datos!$E$3:$E$56,Datos!$A$3:$A$56,A21) -> 120400
A22: 45566 | B22: =SUMIFS(Datos!$E$3:$E$56,Datos!$A$3:$A$56,A22) -> 128300
A23: 45597 | B23: =SUMIFS(Datos!$E$3:$E$56,Datos!$A$3:$A$56,A23) -> 138600
A24: 45627 | B24: =SUMIFS(Datos!$E$3:$E$56,Datos!$A$3:$A$56,A24) -> 153200
A25: 45658 | B25: =SUMIFS(Datos!$E$3:$E$56,Datos!$A$3:$A$56,A25) -> 114000
A26: 45689 | B26: =SUMIFS(Datos!$E$3:$E$56,Datos!$A$3:$A$56,A26) -> 118200
A27: 45717 | B27: =SUMIFS(Datos!$E$3:$E$56,Datos!$A$3:$A$56,A27) -> 125400
A28: 45748 | B28: =SUMIFS(Datos!$E$3:$E$56,Datos!$A$3:$A$56,A28) -> 129200
A29: 45778 | B29: =SUMIFS(Datos!$E$3:$E$56,Datos!$A$3:$A$56,A29) -> 133400
A30: 45809 | B30: =SUMIFS(Datos!$E$3:$E$56,Datos!$A$3:$A$56,A30) -> 139300

Sheet Pronostico
A1: Pronóstico del próximo trimestre
A3: Esta hoja usa una proyección lineal sobre las ventas mensuales históricas.
A6: Mes | B6: Venta real | C6: Proyección | D6: Índice | F6: Mes con mayor proyección
A7: 45292 | B7: =Analisis!B13 -> 84400 | D7: 1 | F7: =INDEX(A25:A27,MATCH(MAX(C25:C27),C25:C27,0)) -> 45901
A8: 45323 | B8: =Analisis!B14 -> 88200 | D8: 2 | F8: Valor proyectado
A9: 45352 | B9: =Analisis!B15 -> 94200 | D9: 3 | F9: =MAX(C25:C27) -> 150569.11
A10: 45383 | B10: =Analisis!B16 -> 97600 | D10: 4
A11: 45413 | B11: =Analisis!B17 -> 101400 | D11: 5
A12: 45444 | B12: =Analisis!B18 -> 106500 | D12: 6
A13: 45474 | B13: =Analisis!B19 -> 108000 | D13: 7
A14: 45505 | B14: =Analisis!B20 -> 113900 | D14: 8
A15: 45536 | B15: =Analisis!B21 -> 120400 | D15: 9
A16: 45566 | B16: =Analisis!B22 -> 128300 | D16: 10
A17: 45597 | B17: =Analisis!B23 -> 138600 | D17: 11
A18: 45627 | B18: =Analisis!B24 -> 153200 | D18: 12
A19: 45658 | B19: =Analisis!B25 -> 114000 | D19: 13
A20: 45689 | B20: =Analisis!B26 -> 118200 | D20: 14
A21: 45717 | B21: =Analisis!B27 -> 125400 | D21: 15
... A24: 45809 | B24: =Analisis!B30 -> 139300 | D24: 18
A25: =EDATE(A24,1) -> 45839 | C25: =TREND($B$7:$B$24,$D$7:$D$24,D25) -> 144616.99 | D25: 19
A26: =EDATE(A24,2) -> 45870 | C26: =TREND($B$7:$B$24,$D$7:$D$24,D26) -> 147593.05 | D26: 20
A27: =EDATE(A24,3) -> 45901 | C27: =TREND($B$7:$B$24,$D$7:$D$24,D27) -> 150569.11 | D27: 21
